,volume
2015-09-14,4811636.0
2015-09-15,8199412.0
2015-09-16,4337684.0
2015-09-17,6717769.0
2015-09-18,8160255.0
2015-09-21,7046616.0
2015-09-22,5708923.0
2015-09-23,4040849.0
2015-09-24,9561031.0
2015-09-25,9242268.0
2015-09-28,9698094.0
2015-09-29,9518373.0
2015-09-30,13712983.0
2015-10-01,12232427.0
2015-10-02,9653639.0
2015-10-05,12050571.0
2015-10-06,11360526.0
2015-10-07,7753799.0
2015-10-08,11501741.0
2015-10-09,10581210.0
2015-10-12,5689727.0
2015-10-13,7461071.0
2015-10-14,15304756.0
2015-10-15,13151151.0
2015-10-16,11209897.0
2015-10-19,7367780.0
2015-10-20,6620614.0
2015-10-21,9667049.0
2015-10-22,7672091.0
2015-10-23,9544357.0
2015-10-26,6185935.0
2015-10-27,5206678.0
2015-10-28,5425852.0
2015-10-29,8179177.0
2015-10-30,7528965.0
2015-11-02,4752197.0
2015-11-03,9419230.0
2015-11-04,11056571.0
2015-11-05,11969974.0
2015-11-06,29306777.0
2015-11-09,12314225.0
2015-11-10,13806497.0
2015-11-11,15503157.0
2015-11-12,7277017.0
2015-11-13,7323501.0
2015-11-16,8607008.0
2015-11-17,6426163.0
2015-11-18,8755358.0
2015-11-19,6351803.0
2015-11-20,5993587.0
2015-11-23,6063751.0
2015-11-24,4885692.0
2015-11-25,3457476.0
2015-11-27,2175202.0
2015-11-30,8181080.0
2015-12-01,10237433.0
2015-12-02,7356004.0
2015-12-03,6166405.0
2015-12-04,11468924.0
2015-12-07,8339679.0
2015-12-08,7862233.0
2015-12-09,9316871.0
2015-12-10,5914923.0
2015-12-11,5683038.0
2015-12-14,6908645.0
2015-12-15,7682354.0
2015-12-16,5908874.0
2015-12-17,6354044.0
2015-12-18,9897424.0
2015-12-21,7105373.0
2015-12-22,3250269.0
2015-12-23,3063139.0
2015-12-24,1311231.0
2015-12-28,3550703.0
2015-12-29,5091512.0
2015-12-30,4508570.0
2015-12-31,3713202.0
2016-01-04,8951907.0
2016-01-05,12256814.0
2016-01-06,11233604.0
2016-01-07,16132575.0
2016-01-08,9961782.0
2016-01-11,10235095.0
2016-01-12,11733893.0
2016-01-13,12041762.0
2016-01-14,15005864.0
2016-01-15,21036303.0
2016-01-19,11428537.0
2016-01-20,12029457.0
2016-01-21,12036422.0
2016-01-22,6450312.0
2016-01-25,6768203.0
2016-01-26,5699182.0
2016-01-27,5792528.0
2016-01-28,6919451.0
2016-01-29,7762622.0
2016-02-01,7247099.0
2016-02-02,8547710.0
2016-02-03,8169351.0
2016-02-04,8703450.0
2016-02-05,15010685.0
2016-02-08,15221320.0
2016-02-09,10634314.0
2016-02-10,8394980.0
2016-02-11,8503635.0
2016-02-12,8520367.0
2016-02-16,12133795.0
2016-02-17,19286666.0
2016-02-18,26716489.0
2016-02-19,13140732.0
2016-02-22,11241697.0
2016-02-23,9234450.0
2016-02-24,8421336.0
2016-02-25,8740367.0
2016-02-26,9049073.0
2016-02-29,8083618.0
2016-03-01,8717512.0
2016-03-02,5845933.0
2016-03-03,7550088.0
2016-03-04,4382634.0
2016-03-07,6005495.0
2016-03-08,6644011.0
2016-03-09,5569737.0
2016-03-10,7152137.0
2016-03-11,6934986.0
2016-03-14,4757868.0
2016-03-15,5655420.0
2016-03-16,9091068.0
2016-03-17,8841959.0
2016-03-18,13637802.0
2016-03-21,8444539.0
2016-03-22,6050266.0
2016-03-23,10725171.0
2016-03-24,6123854.0
2016-03-28,6634700.0
2016-03-29,6545266.0
2016-03-30,9417474.0
2016-03-31,9497052.0
2016-04-01,8707319.0
2016-04-04,9848551.0
2016-04-05,8489215.0
2016-04-06,11334379.0
2016-04-07,9452644.0
2016-04-08,6398373.0
2016-04-11,9688098.0
2016-04-12,7319077.0
2016-04-13,8767861.0
2016-04-14,10414131.0
2016-04-15,10924273.0
2016-04-18,7683044.0
2016-04-19,7728777.0
2016-04-20,5004434.0
2016-04-21,4456989.0
2016-04-22,5588539.0
2016-04-25,4799765.0
2016-04-26,5363364.0
2016-04-27,8809858.0
2016-04-28,9530551.0
2016-04-29,8047562.0
2016-05-02,6401920.0
2016-05-03,5600585.0
2016-05-04,13144065.0
2016-05-05,6172113.0
2016-05-06,4581000.0
2016-05-09,8333411.0
2016-05-10,6741929.0
2016-05-11,8204441.0
2016-05-12,16763533.0
2016-05-13,52756404.0
2016-05-16,24325757.0
2016-05-17,15709762.0
2016-05-18,13526797.0
2016-05-19,9971981.0
2016-05-20,9777090.0
2016-05-23,10340877.0
2016-05-24,10394721.0
2016-05-25,11469411.0
2016-05-26,7749081.0
2016-05-27,6935389.0
2016-05-31,10313131.0
2016-06-01,9678267.0
2016-06-02,8230202.0
2016-06-03,11526864.0
2016-06-06,8062841.0
2016-06-07,4835017.0
2016-06-08,5865431.0
2016-06-09,11804167.0
2016-06-10,10000592.0
2016-06-13,11889674.0
2016-06-14,7458639.0
2016-06-15,7525868.0
2016-06-16,6161428.0
2016-06-17,11775048.0
2016-06-20,7344230.0
2016-06-21,5312661.0
2016-06-22,5065516.0
2016-06-23,7446994.0
2016-06-24,25442111.0
2016-06-27,11258487.0
2016-06-28,9547980.0
2016-06-29,7973264.0
2016-06-30,10773475.0
2016-07-01,5462198.0
2016-07-05,9277061.0
2016-07-06,6827594.0
2016-07-07,9884992.0
2016-07-08,12048273.0
2016-07-11,11219437.0
2016-07-12,10919045.0
2016-07-13,8115130.0
2016-07-14,7922283.0
2016-07-15,10715357.0
2016-07-18,6324838.0
2016-07-19,9566250.0
2016-07-20,7411502.0
2016-07-21,9032697.0
2016-07-22,7894165.0
2016-07-25,7813211.0
2016-07-26,12862739.0
2016-07-27,11166886.0
2016-07-28,5547934.0
2016-07-29,10239664.0
2016-08-01,7527970.0
2016-08-02,7068720.0
2016-08-03,7495709.0
2016-08-04,6817803.0
2016-08-05,9289735.0
2016-08-08,7626603.0
2016-08-09,9308559.0
2016-08-10,9393453.0
2016-08-11,17026556.0
2016-08-12,35643642.0
2016-08-15,14332617.0
2016-08-16,7191345.0
2016-08-17,14880304.0
2016-08-18,8292095.0
2016-08-19,7288978.0
2016-08-22,6118683.0
2016-08-23,8494058.0
2016-08-24,7461244.0
2016-08-25,10150783.0
2016-08-26,7500624.0
2016-08-29,6866279.0
2016-08-30,7138622.0
2016-08-31,9713642.0
2016-09-01,10712305.0
2016-09-02,8078742.0
2016-09-06,7670320.0
2016-09-07,9949700.0
2016-09-08,7895219.0
2016-09-09,17443966.0
2016-09-12,14956524.0
2016-09-13,11794183.0
2016-09-14,7984326.0
2016-09-15,12884799.0
2016-09-16,22561149.0
2016-09-19,10428207.0
2016-09-20,8277832.0
2016-09-21,8405337.0
2016-09-22,7718287.0
2016-09-23,6903344.0
2016-09-26,5751035.0
2016-09-27,10068769.0
2016-09-28,7994701.0
2016-09-29,8417136.0
2016-09-30,10748304.0
2016-10-03,6064853.0
2016-10-04,7040645.0
2016-10-05,7636009.0
2016-10-06,9005317.0
2016-10-07,7156502.0
2016-10-10,7196868.0
2016-10-11,9713476.0
2016-10-12,10498025.0
2016-10-13,9752910.0
2016-10-14,8265851.0
2016-10-17,4883160.0
2016-10-18,6734274.0
2016-10-19,4976462.0
2016-10-20,7802072.0
2016-10-21,6987654.0
2016-10-24,8495946.0
2016-10-25,9936532.0
2016-10-26,8344781.0
2016-10-27,9716622.0
2016-10-28,7271374.0
2016-10-31,6309718.0
2016-11-01,11830629.0
2016-11-02,7396231.0
2016-11-03,7741593.0
2016-11-04,8219490.0
2016-11-07,12189524.0
2016-11-08,10747107.0
2016-11-09,11413254.0
2016-11-10,21732039.0
2016-11-11,54383633.0
2016-11-14,33719913.0
2016-11-15,15652258.0
2016-11-16,24699644.0
2016-11-17,20824744.0
2016-11-18,14401499.0
2016-11-21,10910868.0
2016-11-22,8259232.0
2016-11-23,11080857.0
2016-11-25,4889078.0
2016-11-28,6968370.0
2016-11-29,11114187.0
2016-11-30,11012545.0
2016-12-01,25888074.0
2016-12-02,11957300.0
2016-12-05,15057125.0
2016-12-06,12469875.0
2016-12-07,12020093.0
2016-12-08,9538602.0
2016-12-09,9557799.0
2016-12-12,15033300.0
2016-12-13,9694874.0
2016-12-14,24599538.0
2016-12-15,18663653.0
2016-12-16,27238183.0
2016-12-19,18616431.0
2016-12-20,21201433.0
2016-12-21,14403361.0
2016-12-22,17965259.0
2016-12-23,16192331.0
2016-12-27,29856842.0
2016-12-28,57394116.0
2016-12-29,54384182.0
2016-12-30,30323259.0
2017-01-03,37549876.0
2017-01-04,29980506.0
2017-01-05,24607382.0
2017-01-06,20571416.0
2017-01-09,22906225.0
2017-01-10,22022969.0
2017-01-11,13141588.0
2017-01-12,15640414.0
2017-01-13,11445543.0
2017-01-17,14515259.0
2017-01-18,16360615.0
2017-01-19,16121778.0
2017-01-20,12300557.0
2017-01-23,9247639.0
2017-01-24,10701271.0
2017-01-25,13084499.0
2017-01-26,11469970.0
2017-01-27,11799929.0
2017-01-30,12400084.0
2017-01-31,9068865.0
2017-02-01,14750082.0
2017-02-02,12081040.0
2017-02-03,9318633.0
2017-02-06,12669205.0
2017-02-07,18655567.0
2017-02-08,11239487.0
2017-02-09,21064178.0
2017-02-10,41277341.0
2017-02-13,29518071.0
2017-02-14,21265787.0
2017-02-15,9325512.0
2017-02-16,16179386.0
2017-02-17,14093465.0
2017-02-21,13798783.0
2017-02-22,10844256.0
2017-02-23,39822213.0
2017-02-24,25747597.0
2017-02-27,17885019.0
2017-02-28,15633968.0
2017-03-01,12620139.0
2017-03-02,18858278.0
2017-03-03,21636424.0
2017-03-06,22089169.0
2017-03-07,15085007.0
2017-03-08,15967822.0
2017-03-09,11951471.0
2017-03-10,12493513.0
2017-03-13,19353402.0
2017-03-14,13050415.0
2017-03-15,15375852.0
2017-03-16,13077495.0
2017-03-17,27992169.0
2017-03-20,18714152.0
2017-03-21,22837103.0
2017-03-22,15419106.0
2017-03-23,13348542.0
2017-03-24,10987546.0
2017-03-27,12666100.0
2017-03-28,10811109.0
2017-03-29,8749791.0
2017-03-30,13138349.0
2017-03-31,11020165.0
2017-04-03,11130813.0
2017-04-04,31782004.0
2017-04-05,18676232.0
2017-04-06,15878004.0
2017-04-07,10628889.0
2017-04-10,18908264.0
2017-04-11,15453747.0
2017-04-12,10352296.0
2017-04-13,12672345.0
2017-04-17,12432305.0
2017-04-18,9252944.0
2017-04-19,9520659.0
2017-04-20,10100358.0
2017-04-21,8547390.0
2017-04-24,9286617.0
2017-04-25,9670204.0
2017-04-26,8017754.0
2017-04-27,7887565.0
2017-04-28,8603278.0
2017-05-01,7558886.0
2017-05-02,15545050.0
2017-05-03,8355157.0
2017-05-04,5211879.0
2017-05-05,5684394.0
2017-05-08,9040663.0
2017-05-09,13796401.0
2017-05-10,53227434.0
2017-05-11,48167998.0
2017-05-12,23993187.0
2017-05-15,26919505.0
2017-05-16,27909305.0
2017-05-17,31444976.0
2017-05-18,28661989.0
2017-05-19,25222948.0
2017-05-22,20786477.0
2017-05-23,16911578.0
2017-05-24,20376569.0
2017-05-25,15064741.0
2017-05-26,19300323.0
2017-05-30,24580778.0
2017-05-31,21643194.0
2017-06-01,12462061.0
2017-06-02,12140804.0
2017-06-05,20311623.0
2017-06-06,18743334.0
2017-06-07,15057318.0
2017-06-08,28475455.0
2017-06-09,92323200.0
2017-06-12,41793262.0
2017-06-13,41488612.0
2017-06-14,29431459.0
2017-06-15,23883179.0
2017-06-16,22554327.0
2017-06-19,19260255.0
2017-06-20,27169647.0
2017-06-21,16945632.0
2017-06-22,11596308.0
2017-06-23,24565502.0
2017-06-26,26418557.0
2017-06-27,24850612.0
2017-06-28,24660291.0
2017-06-29,26334702.0
2017-06-30,17992137.0
2017-07-03,17722284.0
2017-07-05,20226442.0
2017-07-06,18383056.0
2017-07-07,16258515.0
2017-07-10,23720137.0
2017-07-11,18744156.0
2017-07-12,28283476.0
2017-07-13,34123997.0
2017-07-14,23349534.0
2017-07-17,22936328.0
2017-07-18,19123179.0
2017-07-19,17014089.0
2017-07-20,17258237.0
2017-07-21,15886110.0
2017-07-24,15868676.0
2017-07-25,12002860.0
2017-07-26,15755026.0
2017-07-27,18888931.0
2017-07-28,12776296.0
2017-07-31,13800261.0
2017-08-01,10606575.0
2017-08-02,11565556.0
2017-08-03,10926536.0
2017-08-04,14653397.0
2017-08-07,17743004.0
2017-08-08,18632853.0
2017-08-09,13060514.0
2017-08-10,26065538.0
2017-08-11,37272782.0
2017-08-14,31674266.0
2017-08-15,18980198.0
2017-08-16,14788247.0
2017-08-17,12937916.0
2017-08-18,14883408.0
2017-08-21,15203637.0
2017-08-22,11084658.0
2017-08-23,14421053.0
2017-08-24,11592997.0
2017-08-25,8753208.0
2017-08-28,9568908.0
2017-08-29,7992338.0
2017-08-30,9469680.0
2017-08-31,15022660.0
2017-09-01,11017001.0
2017-09-05,17358768.0
2017-09-06,9800559.0
2017-09-07,8731886.0
2017-09-08,12365074.0
2017-09-11,13934287.0
2017-09-12,10155905.0
2017-09-13,14340105.0
2017-09-14,12728431.0
2017-09-15,33338633.0
2017-09-18,41601951.0
2017-09-19,21631434.0
2017-09-20,16435216.0
2017-09-21,26631321.0
2017-09-22,12196947.0
2017-09-25,21628235.0
2017-09-26,27542805.0
2017-09-27,17602299.0
2017-09-28,10801464.0
2017-09-29,14936876.0
2017-10-02,12475560.0
2017-10-03,9678430.0
2017-10-04,10621386.0
2017-10-05,10830438.0
2017-10-06,7911087.0
2017-10-09,13986610.0
2017-10-10,24261445.0
2017-10-11,13051762.0
2017-10-12,13036890.0
2017-10-13,15626525.0
2017-10-16,14279032.0
2017-10-17,11482547.0
2017-10-18,14066925.0
2017-10-19,14156573.0
2017-10-20,11006029.0
2017-10-23,10592416.0
2017-10-24,9820462.0
2017-10-25,20588601.0
2017-10-26,7892651.0
2017-10-27,14174171.0
2017-10-30,12522329.0
2017-10-31,10179802.0
2017-11-01,12385654.0
2017-11-02,8480413.0
2017-11-03,8777981.0
2017-11-06,9693716.0
2017-11-07,10580672.0
2017-11-08,12911093.0
2017-11-09,20123846.0
2017-11-10,31197127.0
2017-11-13,14398431.0
2017-11-14,13101484.0
2017-11-15,12427082.0
2017-11-16,9947915.0
2017-11-17,12702474.0
2017-11-20,9828414.0
2017-11-21,9858634.0
2017-11-22,8766814.0
2017-11-24,4517982.0
2017-11-27,10477983.0
2017-11-28,12677148.0
2017-11-29,34865791.0
2017-11-30,20564479.0
2017-12-01,20249432.0
2017-12-04,31021123.0
2017-12-05,24480558.0
2017-12-06,11464458.0
2017-12-07,13190983.0
2017-12-08,11483868.0
2017-12-11,9106693.0
2017-12-12,11296559.0
2017-12-13,13744496.0
2017-12-14,10871746.0
2017-12-15,16090200.0
2017-12-18,11730697.0
2017-12-19,9217358.0
2017-12-20,7185318.0
2017-12-21,7458634.0
2017-12-22,11613423.0
2017-12-26,8821296.0
2017-12-27,8097374.0
2017-12-28,5978211.0
2017-12-29,6896330.0
2018-01-02,8303752.0
2018-01-03,22499518.0
2018-01-04,14346675.0
2018-01-05,14008768.0
2018-01-08,21190932.0
2018-01-09,11750593.0
2018-01-10,14087612.0
2018-01-11,9812137.0
2018-01-12,8931936.0
2018-01-16,17104812.0
2018-01-17,13112629.0
2018-01-18,10071489.0
2018-01-19,14544968.0
2018-01-22,9614659.0
2018-01-23,11293069.0
2018-01-24,14406492.0
2018-01-25,10105341.0
2018-01-26,12755309.0
2018-01-29,11282948.0
2018-01-30,14133180.0
2018-01-31,11818115.0
2018-02-01,12716271.0
2018-02-02,17794503.0
2018-02-05,27907654.0
2018-02-06,26591746.0
2018-02-07,19931234.0
2018-02-08,21664353.0
2018-02-09,41044898.0
2018-02-12,27179807.0
2018-02-13,15573359.0
2018-02-14,18453757.0
2018-02-15,17392024.0
2018-02-16,15812549.0
2018-02-20,17075723.0
2018-02-21,21021844.0
2018-02-22,12998992.0
2018-02-23,10258215.0
2018-02-26,11145830.0
2018-02-27,11323269.0
2018-02-28,12950470.0
2018-03-01,26002972.0
2018-03-02,22835685.0
2018-03-05,15519413.0
2018-03-06,15920243.0
2018-03-07,14530226.0
2018-03-08,10163665.0
2018-03-09,12580234.0
2018-03-12,15056073.0
2018-03-13,15408000.0
2018-03-14,12573947.0
2018-03-15,9992834.0
2018-03-16,9634107.0
2018-03-19,17472128.0
2018-03-20,13725505.0
2018-03-21,10841782.0
2018-03-22,13663927.0
2018-03-23,18225390.0
2018-03-26,15130542.0
2018-03-27,34462113.0
2018-03-28,23647648.0
2018-03-29,22915692.0
2018-04-02,23052315.0
2018-04-03,16685759.0
2018-04-04,19729161.0
2018-04-05,17530973.0
2018-04-06,16574720.0
2018-04-09,12488120.0
2018-04-10,19118807.0
2018-04-11,11506057.0
2018-04-12,14847950.0
2018-04-13,12575892.0
2018-04-16,8769776.0
2018-04-17,11180638.0
2018-04-18,9784058.0
2018-04-19,11799933.0
2018-04-20,9654966.0
2018-04-23,10687723.0
2018-04-24,10364894.0
2018-04-25,14712343.0
2018-04-26,9395574.0
2018-04-27,10021245.0
2018-04-30,8196067.0
2018-05-01,6344727.0
2018-05-02,6706185.0
2018-05-03,11078640.0
2018-05-04,10016538.0
2018-05-07,17190378.0
2018-05-08,12665374.0
2018-05-09,14918980.0
2018-05-10,24852029.0
2018-05-11,30361406.0
2018-05-14,13078477.0
2018-05-15,24088210.0
2018-05-16,13845706.0
2018-05-17,12994605.0
2018-05-18,12092942.0
2018-05-21,16015620.0
2018-05-22,12956637.0
2018-05-23,11073926.0
2018-05-24,10934295.0
2018-05-25,7302782.0
2018-05-29,8817083.0
2018-05-30,9774864.0
2018-05-31,12346709.0
2018-06-01,10549248.0
2018-06-04,16050641.0
2018-06-05,9792801.0
2018-06-06,9283856.0
2018-06-07,9236216.0
2018-06-08,9011443.0
2018-06-11,6634253.0
2018-06-12,7978985.0
2018-06-13,8455159.0
2018-06-14,10750411.0
2018-06-15,10806488.0
2018-06-18,8906674.0
2018-06-19,14873324.0
2018-06-20,9244494.0
2018-06-21,8987906.0
2018-06-22,10853954.0
2018-06-25,16645431.0
2018-06-26,11972137.0
2018-06-27,11347303.0
2018-06-28,8450297.0
2018-06-29,9807477.0
2018-07-02,8939348.0
2018-07-03,5568325.0
2018-07-05,7655448.0
2018-07-06,7408822.0
2018-07-09,7597022.0
2018-07-10,9000390.0
2018-07-11,9187660.0
2018-07-12,8637673.0
2018-07-13,6179078.0
2018-07-16,4925926.0
2018-07-17,9053395.0
2018-07-18,6941041.0
2018-07-19,5893783.0
2018-07-20,5562161.0
2018-07-23,7539621.0
2018-07-24,8865545.0
2018-07-25,8004551.0
2018-07-26,8128128.0
2018-07-27,7385535.0
2018-07-30,8508539.0
2018-07-31,7099696.0
2018-08-01,7088889.0
2018-08-02,6741689.0
2018-08-03,5357202.0
2018-08-06,5187665.0
2018-08-07,6453260.0
2018-08-08,6552462.0
2018-08-09,5106962.0
2018-08-10,6415668.0
2018-08-13,9380158.0
2018-08-14,11655486.0
2018-08-15,14778394.0
2018-08-16,20031476.0
2018-08-17,28579694.0
2018-08-20,21359655.0
2018-08-21,16849710.0
2018-08-22,18746422.0
2018-08-23,18017114.0
2018-08-24,13287762.0
2018-08-27,12644437.0
2018-08-28,11884595.0
2018-08-29,10502741.0
2018-08-30,8665230.0
2018-08-31,7664750.0
2018-09-04,9793027.0
2018-09-05,9828919.0
2018-09-06,8069889.0
2018-09-07,7385468.0
2018-09-10,5503457.0
2018-09-11,6077818.0
2018-09-12,10477259.0
2018-09-13,7638387.0
2018-09-14,9673380.0
2018-09-17,5138189.0
2018-09-18,7488023.0
2018-09-19,5621465.0
2018-09-20,10764569.0
2018-09-21,10878157.0
2018-09-24,7347826.0
2018-09-25,7009746.0
2018-09-26,6713688.0
2018-09-27,5360717.0
2018-09-28,17734914.0
2018-10-01,15551453.0
2018-10-02,9599118.0
2018-10-03,8013769.0
2018-10-04,9780489.0
2018-10-05,10665861.0
2018-10-08,10215265.0
2018-10-09,6837493.0
2018-10-10,17123454.0
2018-10-11,18135929.0
2018-10-12,15205917.0
2018-10-15,11244032.0
2018-10-16,10217795.0
2018-10-17,8241701.0
2018-10-18,13100548.0
2018-10-19,15340249.0
2018-10-22,9221091.0
2018-10-23,15660945.0
2018-10-24,22107199.0
2018-10-25,23793040.0
2018-10-26,16619628.0
2018-10-29,18950441.0
2018-10-30,20179768.0
2018-10-31,18644304.0
2018-11-01,14163208.0
2018-11-02,11324002.0
2018-11-05,9483260.0
2018-11-06,7475259.0
2018-11-07,12095301.0
2018-11-08,12783823.0
2018-11-09,10331049.0
2018-11-12,15427947.0
2018-11-13,16117775.0
2018-11-14,13164471.0
2018-11-15,21017716.0
2018-11-16,49087977.0
2018-11-19,42445505.0
2018-11-20,42300828.0
2018-11-21,25637350.0
2018-11-23,10299211.0
2018-11-26,20370806.0
2018-11-27,18451506.0
2018-11-28,20113137.0
2018-11-29,13729340.0
2018-11-30,18239114.0
2018-12-03,22270109.0
2018-12-04,20302787.0
2018-12-06,17307741.0
2018-12-07,17041949.0
2018-12-10,15736835.0
2018-12-11,16797832.0
2018-12-12,16353398.0
2018-12-13,11784624.0
2018-12-14,11795531.0
2018-12-17,16571683.0
2018-12-18,14109251.0
2018-12-19,18634147.0
2018-12-20,18739697.0
2018-12-21,21593525.0
2018-12-24,11595978.0
2018-12-26,17377484.0
2018-12-27,15926080.0
2018-12-28,15712319.0
2018-12-31,11628503.0
2019-01-02,12718840.0
2019-01-03,17638786.0
2019-01-04,14640483.0
2019-01-07,17728980.0
2019-01-08,19650429.0
2019-01-09,15431475.0
2019-01-10,13078906.0
2019-01-11,21869066.0
2019-01-14,18254249.0
2019-01-15,15425251.0
2019-01-16,11752592.0
2019-01-17,12335905.0
2019-01-18,16283423.0
2019-01-22,16538776.0
2019-01-23,14775545.0
2019-01-24,17724261.0
2019-01-25,28880547.0
2019-01-28,62788169.0
2019-01-29,28848347.0
2019-01-30,24355739.0
2019-01-31,21071338.0
2019-02-01,15626175.0
2019-02-04,13215018.0
2019-02-05,13560625.0
2019-02-06,17561647.0
2019-02-07,15928000.0
2019-02-08,11540137.0
2019-02-11,12379515.0
2019-02-12,14776513.0
2019-02-13,15134302.0
2019-02-14,20681574.0
2019-02-15,37918734.0
2019-02-19,13797316.0
2019-02-20,13524737.0
2019-02-21,11213668.0
2019-02-22,10043531.0
2019-02-25,16400481.0
2019-02-26,12211571.0
2019-02-27,12506381.0
2019-02-28,8123565.0
2019-03-01,8929678.0
2019-03-04,10249750.0
2019-03-05,9073119.0
2019-03-06,10088149.0
2019-03-07,11252633.0
2019-03-08,10560371.0
2019-03-11,21493150.0
2019-03-12,14489368.0
2019-03-13,19222518.0
2019-03-14,12984630.0
2019-03-15,16536482.0
2019-03-18,12174829.0
2019-03-19,21374310.0
2019-03-20,17978715.0
2019-03-21,20607767.0
2019-03-22,18691087.0
2019-03-25,13130301.0
2019-03-26,17587678.0
2019-03-27,11859294.0
2019-03-28,12006602.0
2019-03-29,11422379.0
2019-04-01,12095612.0
2019-04-02,11022996.0
2019-04-03,19719468.0
2019-04-04,11434419.0
2019-04-05,12043649.0
2019-04-08,10604848.0
2019-04-09,10999320.0
2019-04-10,11119307.0
2019-04-11,9365037.0
2019-04-12,11792664.0
2019-04-15,11002345.0
2019-04-16,9874091.0
2019-04-17,8775068.0
2019-04-18,9524704.0
2019-04-22,6998388.0
2019-04-23,8671381.0
2019-04-24,7955120.0
2019-04-25,12482437.0
2019-04-26,21724729.0
2019-04-29,9797983.0
2019-04-30,9073040.0
2019-05-01,8857031.0
2019-05-02,9867135.0
2019-05-03,8420587.0
2019-05-06,10554445.0
2019-05-07,13880458.0
2019-05-08,10479154.0
2019-05-09,16506164.0
2019-05-10,14237451.0
2019-05-13,16422819.0
2019-05-14,13121972.0
2019-05-15,12558001.0
2019-05-16,19527204.0
2019-05-17,25551698.0
2019-05-20,14301634.0
2019-05-21,9046247.0
2019-05-22,8146740.0
2019-05-23,14796109.0
2019-05-24,8939632.0
2019-05-28,10708852.0
2019-05-29,13995037.0
2019-05-30,9857490.0
2019-05-31,9742992.0
2019-06-03,11966080.0
2019-06-04,16045885.0
2019-06-05,12790385.0
2019-06-06,10203462.0
2019-06-07,8721438.0
2019-06-10,10069522.0
2019-06-11,9596751.0
2019-06-12,8972298.0
2019-06-13,7702027.0
2019-06-14,9860656.0
2019-06-17,6901037.0
2019-06-18,14547950.0
2019-06-19,8291099.0
2019-06-20,8754182.0
2019-06-21,10860672.0
2019-06-24,7073718.0
2019-06-25,7796661.0
2019-06-26,14601825.0
2019-06-27,11136038.0
2019-06-28,9941659.0
2019-07-01,17788327.0
2019-07-02,10005688.0
2019-07-03,6165856.0
2019-07-05,9913847.0
2019-07-08,8244669.0
2019-07-09,8571512.0
2019-07-10,11301899.0
2019-07-11,17063964.0
2019-07-12,12659816.0
2019-07-15,7245993.0
2019-07-16,8536098.0
2019-07-17,8705107.0
2019-07-18,11079474.0
2019-07-19,8622395.0
2019-07-22,7898498.0
2019-07-23,10704414.0
2019-07-24,9155937.0
2019-07-25,9817453.0
2019-07-26,6853997.0
2019-07-29,6204049.0
2019-07-30,4944261.0
2019-07-31,8985391.0
2019-08-01,10530314.0
2019-08-02,10708732.0
2019-08-05,14728936.0
2019-08-06,9031767.0
2019-08-07,9314045.0
2019-08-08,7732472.0
2019-08-09,8545418.0
2019-08-12,6980012.0
2019-08-13,9012811.0
2019-08-14,10497033.0
2019-08-15,13861551.0
2019-08-16,25384628.0
2019-08-19,20408061.0
2019-08-20,11588040.0
2019-08-21,10697773.0
2019-08-22,7593918.0
2019-08-23,14237433.0
2019-08-26,7964854.0
2019-08-27,7288739.0
2019-08-28,6376719.0
2019-08-29,8959326.0
2019-08-30,7272712.0
2019-09-03,7412770.0
2019-09-04,5703009.0
2019-09-05,17412125.0
2019-09-06,9424419.0
2019-09-09,10438133.0
2019-09-10,8820305.0
2019-09-11,9037782.0
2019-09-12,8196025.0
2019-09-13,8114787.0
2019-09-16,5795796.0
2019-09-17,5711828.0
2019-09-18,6600942.0
2019-09-19,6408569.0
2019-09-20,8931295.0
2019-09-23,6395647.0
2019-09-24,8031045.0
2019-09-25,7827672.0
2019-09-26,5945648.0
2019-09-27,9148974.0
2019-09-30,4829977.0
2019-10-01,9189150.0
2019-10-02,7391544.0
2019-10-03,11568265.0
2019-10-04,6699005.0
2019-10-07,12207839.0
2019-10-08,11233566.0
2019-10-09,7697082.0
2019-10-10,8187889.0
2019-10-11,11271668.0
2019-10-14,5258394.0
2019-10-15,16699633.0
2019-10-16,10818828.0
2019-10-17,6607924.0
2019-10-18,7548039.0
2019-10-21,6546711.0
2019-10-22,8434228.0
2019-10-23,7144250.0
2019-10-24,5975933.0
2019-10-25,10577288.0
2019-10-28,8116718.0
2019-10-29,5280920.0
2019-10-30,5149038.0
2019-10-31,5243315.0
2019-11-01,7090956.0
2019-11-04,9417905.0
2019-11-05,7521712.0
2019-11-06,6725335.0
2019-11-07,7008498.0
2019-11-08,4735187.0
2019-11-11,6094736.0
2019-11-12,7095971.0
2019-11-13,7559124.0
2019-11-14,13175171.0
2019-11-15,26355409.0
2019-11-18,14382963.0
2019-11-19,10384506.0
2019-11-20,11825438.0
2019-11-21,7209730.0
2019-11-22,5602470.0
2019-11-25,12683686.0
2019-11-26,9642023.0
2019-11-27,5410718.0
2019-11-29,3538924.0
2019-12-02,9346742.0
2019-12-03,11853653.0
2019-12-04,6840459.0
2019-12-05,4628444.0
2019-12-06,5810457.0
2019-12-09,5378320.0
2019-12-10,6417228.0
2019-12-11,5850247.0
2019-12-12,10152084.0
2019-12-13,11374183.0
2019-12-16,8032684.0
2019-12-17,8081598.0
2019-12-18,8606969.0
2019-12-19,11327674.0
2019-12-20,15084607.0
2019-12-23,8884815.0
2019-12-24,3471597.0
2019-12-26,4580451.0
2019-12-27,6370251.0
2019-12-30,6456178.0
2019-12-31,5780283.0
2020-01-02,5941969.0
2020-01-03,5144308.0
2020-01-06,6572812.0
2020-01-07,7980144.0
2020-01-08,6931017.0
2020-01-09,6386053.0
2020-01-10,7911560.0
2020-01-13,7739168.0
2020-01-14,8989483.0
2020-01-15,6577636.0
2020-01-16,7104791.0
2020-01-17,6344764.0
2020-01-21,5321260.0
2020-01-22,5980967.0
2020-01-23,6112861.0
2020-01-24,9337839.0
2020-01-27,11763354.0
2020-01-28,7774401.0
2020-01-29,6486279.0
2020-01-30,7262590.0
2020-01-31,9260493.0
2020-02-03,6398205.0
2020-02-04,6788589.0
2020-02-05,5205502.0
2020-02-06,5457051.0
2020-02-07,4743803.0
2020-02-10,13240194.0
2020-02-11,15963922.0
2020-02-12,9366118.0
2020-02-13,13200384.0
2020-02-14,26048093.0
2020-02-18,15547025.0
2020-02-19,17358281.0
2020-02-20,20251259.0
2020-02-21,19232331.0
2020-02-24,21422873.0
2020-02-25,26387442.0
2020-02-26,18741536.0
2020-02-27,22660373.0
2020-02-28,28366882.0
2020-03-02,22268639.0
2020-03-03,16319828.0
2020-03-04,14935184.0
2020-03-05,13508187.0
2020-03-06,12885307.0
2020-03-09,15353960.0
2020-03-10,14516218.0
2020-03-11,12551693.0
2020-03-12,20413535.0
2020-03-13,15870943.0
2020-03-16,18174303.0
2020-03-17,20840799.0
2020-03-18,21727385.0
2020-03-19,19137847.0
2020-03-20,20115854.0
2020-03-23,16096866.0
2020-03-24,27541095.0
2020-03-25,19835767.0
2020-03-26,17439692.0
2020-03-27,15970744.0
2020-03-30,15056253.0
2020-03-31,23749014.0
2020-04-01,16422828.0
2020-04-02,16894113.0
2020-04-03,16580346.0
2020-04-06,18197062.0
2020-04-07,19613047.0
2020-04-08,13561113.0
2020-04-09,13156195.0
2020-04-13,9960182.0
2020-04-14,13273667.0
2020-04-15,9153721.0
2020-04-16,18640510.0
2020-04-17,13478049.0
2020-04-20,11234705.0
2020-04-21,18378996.0
2020-04-22,12118228.0
2020-04-23,10603988.0
2020-04-24,8816137.0
2020-04-27,11984699.0
2020-04-28,11072603.0
2020-04-29,9479047.0
2020-04-30,9397943.0
2020-05-01,8552445.0
2020-05-04,7938880.0
2020-05-05,9222391.0
2020-05-06,8086639.0
2020-05-07,9343263.0
2020-05-08,8497678.0
2020-05-11,11726504.0
2020-05-12,12326482.0
2020-05-13,15646252.0
2020-05-14,15057809.0
2020-05-15,24691543.0
2020-05-18,19410086.0
2020-05-19,17933049.0
2020-05-20,14688405.0
2020-05-21,17552200.0
2020-05-22,25969125.0
2020-05-26,19269476.0
2020-05-27,29397306.0
2020-05-28,18403204.0
2020-05-29,18647994.0
2020-06-01,9762775.0
2020-06-02,9783014.0
2020-06-03,9135972.0
2020-06-04,10606960.0
2020-06-05,12043651.0
2020-06-08,9693431.0
2020-06-09,11712221.0
2020-06-10,15804537.0
2020-06-11,14591256.0
2020-06-12,14272704.0
2020-06-15,10000054.0
2020-06-16,13392875.0
2020-06-17,10207641.0
2020-06-18,6360238.0
2020-06-19,13104013.0
2020-06-22,9961662.0
2020-06-23,9377685.0
2020-06-24,11234272.0
2020-06-25,9401800.0
2020-06-26,14802144.0
2020-06-29,8556203.0
2020-06-30,9197300.0
2020-07-01,8237180.0
2020-07-02,9101892.0
2020-07-06,7903881.0
2020-07-07,8945039.0
2020-07-08,9437346.0
2020-07-09,12367718.0
2020-07-10,12441869.0
2020-07-13,11426932.0
2020-07-14,13567356.0
2020-07-15,10099623.0
2020-07-16,8624118.0
2020-07-17,6657123.0
2020-07-20,7039983.0
2020-07-21,6866718.0
2020-07-22,9182271.0
2020-07-23,10291532.0
2020-07-24,11832300.0
2020-07-27,7303255.0
2020-07-28,6790901.0
2020-07-29,7112692.0
2020-07-30,7722004.0
2020-07-31,9657150.0
2020-08-03,10325456.0
2020-08-04,7758390.0
2020-08-05,6262493.0
2020-08-06,6107892.0
2020-08-07,8562899.0
2020-08-10,10694898.0
2020-08-11,8862763.0
2020-08-12,11623573.0
2020-08-13,9361489.0
2020-08-14,9160904.0
2020-08-17,15417858.0
2020-08-18,12586155.0
2020-08-19,15565558.0
2020-08-20,23034656.0
2020-08-21,24996738.0
2020-08-24,12264105.0
2020-08-25,7226920.0
2020-08-26,8031073.0
2020-08-27,7940073.0
2020-08-28,13428963.0
2020-08-31,12521030.0
2020-09-01,12811849.0
2020-09-02,21850322.0
2020-09-03,23628151.0
2020-09-04,36592071.0
2020-09-08,19893237.0
2020-09-09,18404957.0
2020-09-10,17467111.0
2020-09-11,15923172.0
2020-09-14,30043624.0
2020-09-15,18188914.0
2020-09-16,13939985.0
2020-09-17,19812794.0
2020-09-18,17461548.0
2020-09-21,18026061.0
2020-09-22,16161302.0
2020-09-23,16175308.0
2020-09-24,18281008.0
2020-09-25,14700407.0
2020-09-28,14345228.0
2020-09-29,15575124.0
2020-09-30,17229603.0
2020-10-01,13125059.0
2020-10-02,13812397.0
2020-10-05,11995457.0
2020-10-06,19610496.0
2020-10-07,10452129.0
2020-10-08,9472522.0
2020-10-09,8672273.0
2020-10-12,10868595.0
2020-10-13,8615078.0
2020-10-14,6916178.0
2020-10-15,6680628.0
2020-10-16,6065990.0
2020-10-19,7451714.0
2020-10-20,5730301.0
2020-10-21,5489933.0
2020-10-22,7261986.0
2020-10-23,5837107.0
2020-10-26,8422358.0
2020-10-27,6262992.0
2020-10-28,9412952.0
2020-10-29,8002046.0
2020-10-30,10434900.0
2020-11-02,7491316.0
2020-11-03,6822527.0
2020-11-04,10255732.0
2020-11-05,7975708.0
2020-11-06,9583732.0
2020-11-09,14574447.0
2020-11-10,16101680.0
2020-11-11,10118586.0
2020-11-12,9165875.0
2020-11-13,8669058.0
2020-11-16,10344370.0
2020-11-17,7800699.0
2020-11-18,12773133.0
2020-11-19,14148355.0
2020-11-20,8527245.0
2020-11-23,9033855.0
2020-11-24,8568883.0
2020-11-25,6497910.0
2020-11-27,4181880.0
2020-11-30,7173800.0
2020-12-01,7412379.0
2020-12-02,7084030.0
2020-12-03,4988016.0
2020-12-04,5056085.0
2020-12-07,5581081.0
2020-12-08,6798022.0
2020-12-09,10032530.0
2020-12-10,5194118.0
2020-12-11,5231641.0
2020-12-14,6753947.0
2020-12-15,4837148.0
2020-12-16,5577867.0
2020-12-17,5784597.0
2020-12-18,8551616.0
2020-12-21,7558304.0
2020-12-22,4657872.0
2020-12-23,4478569.0
2020-12-24,2447088.0
2020-12-28,5286655.0
2020-12-29,4259304.0
2020-12-30,5634929.0
2020-12-31,4810610.0
2021-01-04,14016045.0
2021-01-05,8068998.0
2021-01-06,14510575.0
2021-01-07,11537037.0
2021-01-08,7313215.0
2021-01-11,12975720.0
2021-01-12,7178074.0
2021-01-13,5250711.0
2021-01-14,7078007.0
2021-01-15,6944532.0
2021-01-19,5654672.0
2021-01-20,6464272.0
2021-01-21,8458490.0
2021-01-22,6170464.0
2021-01-25,6277779.0
2021-01-26,4099510.0
2021-01-27,9281821.0
2021-01-28,5707899.0
2021-01-29,6788801.0
2021-02-01,5430108.0
2021-02-02,5451603.0
2021-02-03,6135232.0
2021-02-04,5033462.0
2021-02-05,4228841.0
2021-02-08,10865571.0
2021-02-09,7128078.0
2021-02-10,12047762.0
2021-02-11,11270693.0
2021-02-12,9368937.0
2021-02-16,8048988.0
2021-02-17,6786368.0
2021-02-18,5852020.0
2021-02-19,6793103.0
2021-02-22,8041814.0
2021-02-23,9794483.0
2021-02-24,11207977.0
2021-02-25,20304906.0
2021-02-26,12468975.0
2021-03-01,8829575.0
2021-03-02,6602853.0
2021-03-03,9439757.0
2021-03-04,14333629.0
2021-03-05,13570971.0
2021-03-08,13577792.0
2021-03-09,13045638.0
2021-03-10,9609414.0
2021-03-11,7497857.0
2021-03-12,6099099.0
2021-03-15,5563011.0
2021-03-16,6803240.0
2021-03-17,6096605.0
2021-03-18,7354702.0
2021-03-19,7480174.0
2021-03-22,7445077.0
2021-03-23,5551152.0
2021-03-24,6145963.0
2021-03-25,7378614.0
2021-03-26,9099224.0
2021-03-29,6837997.0
2021-03-30,5005062.0
2021-03-31,7869438.0
2021-04-01,7706865.0
2021-04-05,6391785.0
2021-04-06,4793649.0
2021-04-07,6282109.0
2021-04-08,6110373.0
2021-04-09,4879272.0
2021-04-12,21733050.0
2021-04-13,16905297.0
2021-04-14,9637548.0
2021-04-15,14962017.0
2021-04-16,8380189.0
2021-04-19,10110452.0
2021-04-20,8353326.0
2021-04-21,5419426.0
2021-04-22,6944657.0
2021-04-23,5694305.0
2021-04-26,4944927.0
2021-04-27,4114325.0
2021-04-28,5235405.0
2021-04-29,4329912.0
2021-04-30,5047752.0
2021-05-03,5097796.0
2021-05-04,10133120.0
2021-05-05,7300576.0
2021-05-06,4834523.0
2021-05-07,5733183.0
2021-05-10,6722595.0
2021-05-11,7139634.0
2021-05-12,7585233.0
2021-05-13,7143187.0
2021-05-14,6465375.0
2021-05-17,5424521.0
2021-05-18,4656356.0
2021-05-19,8599984.0
2021-05-20,8039798.0
2021-05-21,16824800.0
2021-05-24,13870405.0
2021-05-25,10885172.0
2021-05-26,9260966.0
2021-05-27,14536880.0
2021-05-28,16113390.0
2021-06-01,11820075.0
2021-06-02,14854189.0
2021-06-03,14500170.0
2021-06-04,15428007.0
2021-06-07,14393873.0
2021-06-08,8096169.0
2021-06-09,9541437.0
2021-06-10,7194261.0
2021-06-11,10407691.0
2021-06-14,8034357.0
2021-06-15,6075761.0
2021-06-16,7594711.0
2021-06-17,20241372.0
2021-06-18,24221357.0
2021-06-21,16809554.0
2021-06-22,14503639.0
2021-06-23,8308926.0
2021-06-24,8023060.0
2021-06-25,6959148.0
2021-06-28,12385914.0
2021-06-29,9190846.0
2021-06-30,8164154.0
2021-07-01,12003374.0
2021-07-02,8584917.0
2021-07-06,11167687.0
2021-07-07,10460682.0
2021-07-08,12582492.0
2021-07-09,7415567.0
2021-07-12,8049619.0
2021-07-13,7267658.0
2021-07-14,9502480.0
2021-07-15,13764113.0
2021-07-16,17205566.0
2021-07-19,18726469.0
2021-07-20,43366188.0
2021-07-21,37101736.0
2021-07-22,32382595.0
2021-07-23,19567198.0
2021-07-26,20394316.0
2021-07-27,24886258.0
2021-07-28,20219115.0
2021-07-29,18373399.0
2021-07-30,18349746.0
2021-08-02,21744397.0
2021-08-03,30181074.0
2021-08-04,23130940.0
2021-08-05,21143537.0
2021-08-06,17849661.0
2021-08-09,14644310.0
2021-08-10,17923778.0
2021-08-11,18592484.0
2021-08-12,15186155.0
2021-08-13,18059898.0
2021-08-16,21115280.0
2021-08-17,20458485.0
2021-08-18,28591348.0
2021-08-19,76655477.0
2021-08-20,67574131.0
2021-08-23,57580658.0
2021-08-24,29729892.0
2021-08-25,34770104.0
2021-08-26,23794042.0
2021-08-27,30472219.0
2021-08-30,26257990.0
2021-08-31,25984968.0
2021-09-01,20176695.0
2021-09-02,18810957.0
2021-09-03,28083198.0
2021-09-07,19810716.0
2021-09-08,25443421.0
2021-09-09,19685601.0
2021-09-10,24837574.0
2021-09-13,29749990.0
2021-09-14,19975460.0
2021-09-15,16653801.0
2021-09-16,15603344.0
2021-09-17,29450284.0
2021-09-20,34944045.0
2021-09-21,20468810.0
2021-09-22,26872556.0
2021-09-23,24855491.0
2021-09-24,21765545.0
2021-09-27,24521514.0
2021-09-28,34306895.0
2021-09-29,21839363.0
2021-09-30,22100912.0
2021-10-01,24097796.0
2021-10-04,34563497.0
2021-10-05,27928165.0
2021-10-06,29720175.0
2021-10-07,25691893.0
2021-10-08,15125791.0
2021-10-11,16338754.0
2021-10-12,16213354.0
2021-10-13,18065188.0
2021-10-14,24358881.0
2021-10-15,22699401.0
2021-10-18,18949356.0
2021-10-19,16147329.0
2021-10-20,14627594.0
2021-10-21,18759032.0
2021-10-22,24938379.0
2021-10-25,23023483.0
2021-10-26,48589830.0
2021-10-27,24598989.0
2021-10-28,23420431.0
2021-10-29,29250284.0
2021-11-01,26074158.0
2021-11-02,28744823.0
2021-11-03,23991033.0
2021-11-04,115363115.0
2021-11-05,85126015.0
2021-11-08,50310093.0
2021-11-09,64216853.0
2021-11-10,63620572.0
2021-11-11,33217211.0
2021-11-12,41026129.0
2021-11-15,38490900.0
2021-11-16,26448367.0
2021-11-17,42850799.0
2021-11-18,78171075.0
2021-11-19,53386665.0
2021-11-22,75433524.0
2021-11-23,53216270.0
2021-11-24,43516226.0
2021-11-26,28306886.0
2021-11-29,45496398.0
2021-11-30,62206647.0
2021-12-01,48580204.0
2021-12-02,47289033.0
2021-12-03,54432505.0
2021-12-06,65893845.0
2021-12-07,59305348.0
2021-12-08,47555145.0
2021-12-09,48850716.0
2021-12-10,48882509.0
2021-12-13,59834366.0
2021-12-14,66703537.0
2021-12-15,69829688.0
2021-12-16,70736595.0
2021-12-17,71662239.0
2021-12-20,46184676.0
2021-12-21,52438494.0
2021-12-22,39518438.0
2021-12-23,34302174.0
2021-12-27,40368587.0
2021-12-28,42059121.0
2021-12-29,34313928.0
2021-12-30,30886422.0
2021-12-31,26347792.0
2022-01-03,39240294.0
2022-01-04,52715440.0
2022-01-05,49806388.0
2022-01-06,45418637.0
2022-01-07,40993851.0
2022-01-10,59468095.0
2022-01-11,40276508.0
2022-01-12,38341348.0
2022-01-13,53886809.0
2022-01-14,39583235.0
2022-01-18,42267538.0
2022-01-19,48360408.0
2022-01-20,43518073.0
2022-01-21,71895784.0
2022-01-24,91581063.0
2022-01-25,66461636.0
2022-01-26,75595873.0
2022-01-27,57335272.0
2022-01-28,54377425.0
2022-01-31,56467968.0
2022-02-01,51892517.0
2022-02-02,54341941.0
2022-02-03,41017778.0
2022-02-04,35482850.0
2022-02-07,37686750.0
2022-02-08,41035864.0
2022-02-09,52428166.0
2022-02-10,51319972.0
2022-02-11,60547198.0
2022-02-14,44042443.0
2022-02-15,70175280.0
2022-02-16,73267633.0
2022-02-17,81059508.0
2022-02-18,76125491.0
2022-02-22,62919566.0
2022-02-23,56651077.0
2022-02-24,73580063.0
2022-02-25,52886551.0
2022-02-28,47731861.0
2022-03-01,41205598.0
2022-03-02,38964185.0
2022-03-03,36509504.0
2022-03-04,43201070.0
2022-03-07,45082089.0
2022-03-08,55746719.0
2022-03-09,49274195.0
2022-03-10,42806565.0
2022-03-11,36720857.0
2022-03-14,38535424.0
2022-03-15,49199569.0
2022-03-16,67142174.0
2022-03-17,47194119.0
2022-03-18,72788748.0
2022-03-21,58807971.0
2022-03-22,54265223.0
2022-03-23,50211986.0
2022-03-24,87737914.0
2022-03-25,57776944.0
2022-03-28,42549392.0
2022-03-29,48898440.0
2022-03-30,46348713.0
2022-03-31,52344022.0
2022-04-01,51723511.0
2022-04-04,39770782.0
2022-04-05,43093087.0
2022-04-06,70383256.0
2022-04-07,55799236.0
2022-04-08,52478064.0
2022-04-11,57520684.0
2022-04-12,66225807.0
2022-04-13,51694344.0
2022-04-14,56909685.0
2022-04-18,52570061.0
2022-04-19,51278058.0
2022-04-20,46697126.0
2022-04-21,65620944.0
2022-04-22,62471343.0
2022-04-25,64156561.0
2022-04-26,64496017.0
2022-04-27,49946017.0
2022-04-28,57032671.0
2022-04-29,50043491.0
2022-05-02,57204868.0
2022-05-03,47575084.0
2022-05-04,64630503.0
2022-05-05,62633141.0
2022-05-06,63329672.0
2022-05-09,64445451.0
2022-05-10,76147429.0
2022-05-11,67016703.0
2022-05-12,70872837.0
2022-05-13,67043651.0
2022-05-16,52144598.0
2022-05-17,58582971.0
2022-05-18,54516106.0
2022-05-19,62130959.0
2022-05-20,73910526.0
2022-05-23,63988869.0
2022-05-24,58855002.0
2022-05-25,78113190.0
2022-05-26,99657452.0
2022-05-27,73837935.0
2022-05-31,66409951.0
2022-06-01,54451390.0
2022-06-02,64865580.0
2022-06-03,59877870.0
2022-06-06,42240615.0
2022-06-07,38891411.0
2022-06-08,36325246.0
2022-06-09,39557379.0
2022-06-10,46564966.0
2022-06-13,60415338.0
2022-06-14,46967952.0
2022-06-15,56393565.0
2022-06-16,54574867.0
2022-06-17,63033397.0
2022-06-21,48308888.0
2022-06-22,43799744.0
2022-06-23,46367959.0
2022-06-24,47215283.0
2022-06-27,42796788.0
2022-06-28,46185936.0
2022-06-29,48235228.0
2022-06-30,68607003.0
2022-07-01,57761008.0
2022-07-05,65220761.0
2022-07-06,52906586.0
2022-07-07,49290276.0
2022-07-08,46797176.0
2022-07-11,43838873.0
2022-07-12,45848310.0
2022-07-13,52191834.0
2022-07-14,45623484.0
2022-07-15,38593547.0
2022-07-18,67051745.0
2022-07-19,70236608.0
2022-07-20,76053779.0
2022-07-21,55704928.0
2022-07-22,53667088.0
2022-07-25,48074751.0
2022-07-26,39786491.0
2022-07-27,56977623.0
2022-07-28,47464628.0
2022-07-29,43546042.0
2022-08-01,47646904.0
2022-08-02,48952692.0
2022-08-03,41814557.0
2022-08-04,40965227.0
2022-08-05,38606829.0
2022-08-08,98378318.0
2022-08-09,66826265.0
2022-08-10,59742246.0
2022-08-11,50932655.0
2022-08-12,47809415.0
2022-08-15,45766556.0
2022-08-16,45123964.0
2022-08-17,44679911.0
2022-08-18,41544656.0
2022-08-19,44158833.0
2022-08-22,40959271.0
2022-08-23,36998577.0
2022-08-24,52266071.0
2022-08-25,77069133.0
2022-08-26,76912743.0
2022-08-29,49371295.0
2022-08-30,53018069.0
2022-08-31,57370986.0
2022-09-01,117886514.0
2022-09-02,74315746.0
2022-09-06,53326958.0
2022-09-07,51265746.0
2022-09-08,62487312.0
2022-09-09,48712842.0
2022-09-12,48415924.0
2022-09-13,71495563.0
2022-09-14,58850654.0
2022-09-15,52362516.0
2022-09-16,67075140.0
2022-09-19,56968528.0
2022-09-20,52481775.0
2022-09-21,80767940.0
2022-09-22,75671089.0
2022-09-23,66330931.0
2022-09-26,54734269.0
2022-09-27,55385406.0
2022-09-28,54241388.0
2022-09-29,53276312.0
2022-09-30,56563842.0
2022-10-03,54747847.0
2022-10-04,58418167.0
2022-10-05,50713073.0
2022-10-06,64415689.0
2022-10-07,67247816.0
2022-10-10,69869925.0
2022-10-11,66748163.0
2022-10-12,49259019.0
2022-10-13,85010301.0
2022-10-14,71343199.0
2022-10-17,58077417.0
2022-10-18,65936206.0
2022-10-19,52313061.0
2022-10-20,65239761.0
2022-10-21,60949441.0
2022-10-24,51745740.0
2022-10-25,50548233.0
2022-10-26,53553329.0
2022-10-27,58311308.0
2022-10-28,52103993.0
2022-10-31,48634099.0
2022-11-01,43281690.0
2022-11-02,67262784.0
2022-11-03,50006486.0
2022-11-04,61257591.0
2022-11-07,41006095.0
2022-11-08,59529199.0
2022-11-09,45441366.0
2022-11-10,70081925.0
2022-11-11,65548747.0
2022-11-14,52785245.0
2022-11-15,54587550.0
2022-11-16,64954684.0
2022-11-17,71089356.0
2022-11-18,49207165.0
2022-11-21,40473931.0
2022-11-22,47286607.0
2022-11-23,42724093.0
2022-11-25,16793430.0
2022-11-28,30415201.0
2022-11-29,29838449.0
2022-11-30,56529822.0
2022-12-01,47097657.0
2022-12-02,37138858.0
2022-12-05,35225517.0
2022-12-06,35269427.0
2022-12-07,37238758.0
2022-12-08,51545554.0
2022-12-09,46533819.0
2022-12-12,45732780.0
2022-12-13,65658876.0
2022-12-14,49688810.0
2022-12-15,47854210.0
2022-12-16,47823193.0
2022-12-19,35403877.0
2022-12-20,40325979.0
2022-12-21,32502538.0
2022-12-22,56504527.0
2022-12-23,34932563.0
2022-12-27,46490226.0
2022-12-28,35106645.0
2022-12-29,35492324.0
2022-12-30,31048983.0
2023-01-03,40127658.0
2023-01-04,43132360.0
2023-01-05,38916811.0
2023-01-06,40504362.0
2023-01-09,50423056.0
2023-01-10,38410126.0
2023-01-11,35328493.0
2023-01-12,55140906.0
2023-01-13,44728706.0
2023-01-17,51110216.0
2023-01-18,43962355.0
2023-01-19,45293160.0
2023-01-20,56496712.0
2023-01-23,65516259.0
2023-01-24,49620410.0
2023-01-25,44953711.0
2023-01-26,48953542.0
2023-01-27,54214198.0
2023-01-30,48861115.0
2023-01-31,49801658.0
2023-02-01,66047704.0
2023-02-02,56427580.0
2023-02-03,42936595.0
2023-02-06,45219709.0
2023-02-07,66414961.0
2023-02-08,55965122.0
2023-02-09,52387578.0
2023-02-10,55073675.0
2023-02-13,47491862.0
2023-02-14,67547350.0
2023-02-15,42118826.0
2023-02-16,41202628.0
2023-02-17,46588764.0
2023-02-21,41001455.0
2023-02-22,51318432.0
2023-02-23,111799541.0
2023-02-24,58971591.0
2023-02-27,45299367.0
2023-02-28,45596280.0
2023-03-01,46002562.0
2023-03-02,39007465.0
2023-03-03,41239330.0
2023-03-06,43742923.0
2023-03-07,51515388.0
2023-03-08,51357339.0
2023-03-09,50125699.0
2023-03-10,47486565.0
2023-03-13,42189032.0
2023-03-14,47491013.0
2023-03-15,52448574.0
2023-03-16,58494626.0
2023-03-17,84854656.0
2023-03-20,43274719.0
2023-03-21,54740776.0
2023-03-22,79729511.0
2023-03-23,56488876.0
2023-03-24,45541407.0
2023-03-27,36102574.0
2023-03-28,35610378.0
2023-03-29,39369387.0
2023-03-30,36451574.0
2023-03-31,43393277.0
2023-04-03,39871560.0
2023-04-04,36859153.0
2023-04-05,51501474.0
2023-04-06,39765434.0
2023-04-10,39527855.0
2023-04-11,31437817.0
2023-04-12,44625895.0
2023-04-13,35361528.0
2023-04-14,39566013.0
2023-04-17,31348982.0
2023-04-18,60481154.0
2023-04-19,35866041.0
2023-04-20,42771326.0
2023-04-21,34510277.0
2023-04-24,33928186.0
2023-04-25,37852716.0
2023-04-26,40449391.0
2023-04-27,37716119.0
2023-04-28,29221614.0
2023-05-01,57032853.0
2023-05-02,40272957.0
2023-05-03,38338740.0
2023-05-04,32185041.0
2023-05-05,36149408.0
2023-05-08,34497890.0
2023-05-09,31486946.0
2023-05-10,36934998.0
2023-05-11,32214903.0
2023-05-12,27422225.0
2023-05-15,29392587.0
2023-05-16,44940494.0
2023-05-17,43253541.0
2023-05-18,74872501.0
2023-05-19,47390765.0
2023-05-22,37199967.0
2023-05-23,35625326.0
2023-05-24,72141851.0
2023-05-25,154391067.0
2023-05-26,71439676.0
2023-05-30,92340110.0
2023-05-31,99882681.0
2023-06-01,63587295.0
2023-06-02,48273121.0
2023-06-05,39609381.0
2023-06-06,38872914.0
2023-06-07,51199789.0
2023-06-08,41777240.0
2023-06-09,42771747.0
2023-06-12,38967335.0
2023-06-13,61320816.0
2023-06-14,74046502.0
2023-06-15,56862204.0
2023-06-16,65570941.0
2023-06-20,45115311.0
2023-06-21,55160291.0
2023-06-22,41773743.0
2023-06-23,35813984.0
2023-06-26,59432192.0
2023-06-27,46217470.0
2023-06-28,58263927.0
2023-06-29,38051430.0
2023-06-30,50114775.0
2023-07-03,19820919.0
2023-07-05,32361756.0
2023-07-06,30413879.0
2023-07-07,35588147.0
2023-07-10,35390811.0
2023-07-11,29824406.0
2023-07-12,48127702.0
2023-07-13,47820369.0
2023-07-14,77207533.0
2023-07-17,51048822.0
2023-07-18,57019042.0
2023-07-19,42750179.0
2023-07-20,53786451.0
2023-07-21,96376863.0
2023-07-24,38309974.0
2023-07-25,34808091.0
2023-07-26,36423726.0
2023-07-27,45597552.0
2023-07-28,33119424.0
2023-07-31,25105528.0
2023-08-01,23927597.0
2023-08-02,53014157.0
2023-08-03,32507660.0
2023-08-04,36266618.0
2023-08-07,32215354.0
2023-08-08,35384343.0
2023-08-09,58644907.0
2023-08-10,49270530.0
2023-08-11,53308526.0
2023-08-14,69028583.0
2023-08-15,67651151.0
2023-08-16,52745068.0
2023-08-17,45239482.0
2023-08-18,58376787.0
2023-08-21,69257337.0
2023-08-22,75720691.0
2023-08-23,77904608.0
2023-08-24,115604409.0
2023-08-25,92534052.0
2023-08-28,68519223.0
2023-08-29,70139699.0
2023-08-30,73520598.0
2023-08-31,52856977.0
2023-09-01,46383030.0
2023-09-05,38265258.0
2023-09-06,46866957.0
2023-09-07,43332989.0
2023-09-08,47389994.0
2023-09-11,47396555.0
2023-09-12,34925634.0
2023-09-13,39835535.0
2023-09-14,37009720.0
2023-09-15,50683051.0
2023-09-18,50027079.0
2023-09-19,37306424.0
2023-09-20,36710769.0
2023-09-21,45073596.0
2023-09-22,47923631.0
2023-09-25,41909096.0
2023-09-26,40228209.0
2023-09-27,44493520.0
2023-09-28,42466279.0
2023-09-29,39782993.0
2023-10-02,43329821.0
2023-10-03,47084954.0
2023-10-04,36182086.0
2023-10-05,39348309.0
2023-10-06,43443602.0
2023-10-09,40967472.0
2023-10-10,36858208.0
2023-10-11,37813689.0
2023-10-12,48132500.0
2023-10-13,47542599.0
2023-10-16,37509924.0
2023-10-17,81233267.0
2023-10-18,62729434.0
2023-10-19,50123308.0
2023-10-20,47726605.0
2023-10-23,47853049.0
2023-10-24,40146337.0
2023-10-25,39837922.0
2023-10-26,54100132.0
2023-10-27,41678441.0
2023-10-30,38802814.0
2023-10-31,51796870.0
2023-11-01,43759290.0
2023-11-02,40917187.0
2023-11-03,42460959.0
2023-11-06,40073335.0
2023-11-07,34316547.0
2023-11-08,34671894.0
2023-11-09,54049597.0
2023-11-10,42244156.0
2023-11-13,38413570.0
2023-11-14,41695387.0
2023-11-15,47549735.0
2023-11-16,33975624.0
2023-11-17,32589691.0
2023-11-20,41614260.0
2023-11-21,56574687.0
2023-11-22,90064233.0
2023-11-24,29464464.0
2023-11-27,39566190.0
2023-11-28,40149085.0
2023-11-29,38200465.0
2023-11-30,52624663.0
2023-12-01,36931701.0
2023-12-04,43754344.0
2023-12-05,37171762.0
2023-12-06,36778599.0
2023-12-07,35082255.0
2023-12-08,35922370.0
2023-12-11,50972809.0
2023-12-12,37238686.0
2023-12-13,44779186.0
2023-12-14,39123174.0
2023-12-15,47994758.0
2023-12-18,41258717.0
2023-12-19,46313248.0
2023-12-20,39789439.0
2023-12-21,30042535.0
2023-12-22,25250676.0
2023-12-26,24419952.0
2023-12-27,23215431.0
2023-12-28,24658748.0
2023-12-29,38929330.0
2024-01-02,41125422.0
2024-01-03,32089617.0
2024-01-04,30653489.0
2024-01-05,41080455.0
2024-01-08,64250990.0
2024-01-09,77310006.0
2024-01-10,53379576.0
2024-01-11,59675877.0
2024-01-12,35299360.0
2024-01-16,44957973.0
2024-01-17,47439444.0
2024-01-18,49165036.0
2024-01-19,54350148.0
2024-01-22,45295463.0
2024-01-23,29465445.0
2024-01-24,55706870.0
2024-01-25,48277684.0
2024-01-26,39030859.0
2024-01-29,34873298.0
2024-01-30,41073530.0
2024-01-31,45379487.0
2024-02-01,36914579.0
2024-02-02,47657765.0
2024-02-05,68007801.0
2024-02-06,68311136.0
2024-02-07,49557455.0
2024-02-08,41442211.0
2024-02-09,43663689.0
2024-02-12,61371018.0
2024-02-13,60258015.0
2024-02-14,50491742.0
2024-02-15,42012181.0
2024-02-16,49532662.0
2024-02-20,70483310.0
2024-02-21,69029813.0
2024-02-22,86509974.0
2024-02-23,82938837.0
2024-02-26,50397273.0
2024-02-27,39170524.0
2024-02-28,39311040.0
2024-02-29,50728898.0
2024-03-01,47913510.0
2024-03-04,61561645.0
2024-03-05,52063930.0
2024-03-06,58252030.0
2024-03-07,60811916.0
2024-03-08,114226906.0
2024-03-11,66611510.0
2024-03-12,65437480.0
2024-03-13,62726626.0
2024-03-14,59711081.0
2024-03-15,64208616.0
2024-03-18,66897593.0
2024-03-19,67217127.0
2024-03-20,47906279.0
2024-03-21,48037231.0
2024-03-22,58671936.0
2024-03-25,55213608.0
2024-03-26,51364758.0
2024-03-27,58606723.0
2024-03-28,43521227.0
2024-04-01,44811733.0
2024-04-02,43137935.0
2024-04-03,36759126.0
2024-04-04,42886990.0
2024-04-05,39772878.0
2024-04-08,27907532.0
2024-04-09,49977974.0
2024-04-10,43192853.0
2024-04-11,43163727.0
2024-04-12,42680479.0
2024-04-15,44307695.0
2024-04-16,37045302.0
2024-04-17,49539951.0
2024-04-18,44726034.0
2024-04-19,87519800.0
2024-04-22,59634051.0
2024-04-23,43855937.0
2024-04-24,51220753.0
2024-04-25,42464073.0
2024-04-26,55101078.0
2024-04-29,38897076.0
2024-04-30,36370870.0
2024-05-01,55986317.0
2024-05-02,37789754.0
2024-05-03,39834072.0
2024-05-06,37620255.0
2024-05-07,43734161.0
2024-05-08,32572102.0
2024-05-09,37801268.0
2024-05-10,33532541.0
2024-05-13,28968017.0
2024-05-14,29650708.0
2024-05-15,41773545.0
2024-05-16,32395182.0
2024-05-17,35969103.0
2024-05-20,31876446.0
2024-05-21,32894646.0
2024-05-22,54864799.0
2024-05-23,83506528.0
2024-05-24,42949367.0
2024-05-28,65272789.0
2024-05-29,55744193.0
2024-05-30,48735033.0
2024-05-31,61326250.0
2024-06-03,43839176.0
2024-06-04,40332401.0
2024-06-05,52840178.0
2024-06-06,66469619.0
2024-06-07,41238580.0
2024-06-10,308134791.0
2024-06-11,222551158.0
2024-06-12,299595001.0
2024-06-13,260704537.0
2024-06-14,309320376.0
2024-06-17,288504444.0
2024-06-18,294335054.0
2024-06-20,517768425.0
2024-06-21,655484664.0
2024-06-24,476060866.0
2024-06-25,425787456.0
2024-06-26,362975918.0
2024-06-27,252571693.0
2024-06-28,315516740.0
2024-07-01,284885534.0
2024-07-02,218373969.0
2024-07-03,215748955.0
2024-07-05,214176689.0
2024-07-08,237677322.0
2024-07-09,287020820.0
2024-07-10,248978569.0
2024-07-11,374782738.0
2024-07-12,252680535.0
2024-07-15,208326164.0
2024-07-16,214769515.0
2024-07-17,390086189.0
2024-07-18,320979530.0
2024-07-19,217223800.0
2024-07-22,258068943.0
2024-07-23,173910983.0
2024-07-24,327776884.0
2024-07-25,460067019.0
2024-07-26,293399073.0
2024-07-29,248152068.0
2024-07-30,486833274.0
2024-07-31,473174182.0
2024-08-01,523462326.0
2024-08-02,482027464.0
2024-08-05,552842375.0
2024-08-06,409012089.0
2024-08-07,411440423.0
2024-08-08,391910023.0
2024-08-09,290844157.0
2024-08-12,325559870.0
2024-08-13,312646660.0
2024-08-14,339246407.0
2024-08-15,318086673.0
2024-08-16,302589872.0
2024-08-19,318333577.0
2024-08-20,300087415.0
2024-08-21,257883572.0
2024-08-22,376189076.0
2024-08-23,323230332.0
2024-08-26,331964672.0
2024-08-27,303134573.0
2024-08-28,448101115.0
2024-08-29,453023305.0
2024-08-30,333751583.0
2024-09-03,477155100.0
2024-09-04,368378810.0
2024-09-05,306850696.0
2024-09-06,413638098.0
2024-09-09,273912015.0
2024-09-10,268283736.0
2024-09-11,441422370.0
2024-09-12,367100496.0
2024-09-13,238358328.0
2024-09-16,248772308.0
2024-09-17,231925876.0
2024-09-18,310318937.0
2024-09-19,293506438.0
2024-09-20,382462428.0
2024-09-23,206228490.0
2024-09-24,354966772.0
2024-09-25,284692948.0
2024-09-26,302582868.0
2024-09-27,271009175.0
2024-09-30,227053651.0
2024-10-01,302094485.0
2024-10-02,221845887.0
2024-10-03,277117973.0
2024-10-04,244465552.0
2024-10-07,346250233.0
2024-10-08,285722485.0
2024-10-09,246191612.0
2024-10-10,242311337.0
2024-10-11,170209474.0
2024-10-14,232347668.0
2024-10-15,377831021.0
2024-10-16,264879720.0
2024-10-17,306435921.0
2024-10-18,176090184.0
2024-10-21,264554514.0
2024-10-22,226311589.0
2024-10-23,285930038.0
2024-10-24,172354888.0
2024-10-25,205122109.0
2024-10-28,173586745.0
2024-10-29,157593634.0
2024-10-30,179418082.0
2024-10-31,270039641.0
2024-11-01,207127838.0
2024-11-04,187528173.0
2024-11-05,160537373.0
2024-11-06,242043945.0
2024-11-07,207323303.0
2024-11-08,175665830.0
2024-11-11,182325620.0
2024-11-12,198634738.0
2024-11-13,191903267.0
2024-11-14,194463301.0
2024-11-15,250132869.0
2024-11-18,221865993.0
2024-11-19,227834912.0
2024-11-20,309871654.0
2024-11-21,400946570.0
2024-11-22,236406154.0
2024-11-25,344941875.0
2024-11-26,190287654.0
2024-11-27,226370912.0
2024-11-29,141863156.0
2024-12-02,171682777.0
2024-12-03,164413965.0
2024-12-04,231224295.0
2024-12-05,172621180.0
2024-12-06,188505573.0
2024-12-09,189308625.0
2024-12-10,210020888.0
2024-12-11,184905192.0
2024-12-12,159211393.0
2024-12-13,231514881.0
2024-12-16,237951130.0
2024-12-17,259410263.0
2024-12-18,277444533.0
2024-12-19,209719210.0
2024-12-20,306528553.0
2024-12-23,176053506.0
2024-12-24,105156989.0
2024-12-26,116519090.0
2024-12-27,170582603.0
2024-12-30,167734700.0
2024-12-31,155659211.0
2025-01-02,198247166.0
2025-01-03,229322478.0
2025-01-06,265377359.0
2025-01-07,351782174.0
2025-01-08,227349948.0
2025-01-10,207602514.0
2025-01-13,204808914.0
2025-01-14,195590485.0
2025-01-15,185217338.0
2025-01-16,209235583.0
2025-01-17,201188760.0
2025-01-21,197748985.0
2025-01-22,237651395.0
2025-01-23,155915549.0
2025-01-24,234657635.0
2025-01-27,818830895.0
2025-01-28,579666350.0
2025-01-29,467120640.0
2025-01-30,392925469.0
2025-01-31,390372899.0
2025-02-03,371235677.0
2025-02-04,256550040.0
2025-02-05,263110629.0
2025-02-06,251483574.0
2025-02-07,228186298.0
2025-02-10,216989086.0
2025-02-11,178902379.0
2025-02-12,160278552.0
2025-02-13,197429975.0
2025-02-14,195479557.0
2025-02-18,219176627.0
2025-02-19,167536006.0
2025-02-20,143903583.0
2025-02-21,228217585.0
2025-02-24,251381137.0
2025-02-25,271428711.0
2025-02-26,322553814.0
2025-02-27,443175846.0
2025-02-28,389091145.0
2025-03-03,411381373.0
2025-03-04,398163305.0
2025-03-05,284337886.0
2025-03-06,321181861.0
2025-03-07,341755468.0
2025-03-10,361107562.0
2025-03-11,354865692.0
2025-03-12,323857454.0
2025-03-13,299033131.0
2025-03-14,277593455.0
2025-03-17,255501481.0
2025-03-18,299686944.0
2025-03-19,273426225.0
2025-03-20,248829749.0
2025-03-21,266498528.0
2025-03-24,228452534.0
2025-03-25,167447198.0
2025-03-26,296431667.0
2025-03-27,236902055.0
2025-03-28,229872549.0
2025-03-31,299212653.0
2025-04-01,222614034.0
2025-04-02,220601243.0
2025-04-03,338769412.0
2025-04-04,532273810.0
2025-04-07,611041347.0
2025-04-08,476243392.0
2025-04-09,612918336.0
2025-04-10,437812353.0
2025-04-11,313417265.0
2025-04-14,264705049.0
2025-04-15,228966900.0
2025-04-16,397016870.0
2025-04-17,292517465.0
2025-04-21,288501136.0
2025-04-22,241004784.0
2025-04-23,247525971.0
2025-04-24,220815041.0
2025-04-25,251064672.0
2025-04-28,207708479.0
2025-04-29,170444263.0
2025-04-30,235044611.0
2025-05-01,236121507.0
2025-05-02,190194778.0
2025-05-05,133163241.0
2025-05-06,158525621.0
2025-05-07,207827821.0
2025-05-08,198428122.0
2025-05-09,132972189.0
2025-05-12,225023345.0
2025-05-13,330430105.0
2025-05-14,281180830.0
2025-05-15,226632563.0
2025-05-16,226542451.0
2025-05-19,193154571.0
2025-05-20,161514247.0
2025-05-21,270608738.0
2025-05-22,187343954.0
2025-05-23,198821324.0
2025-05-27,192953613.0
2025-05-28,304021146.0
2025-05-29,370615167.0
2025-05-30,333170851.0
2025-06-02,197663116.0
2025-06-03,225578783.0
2025-06-04,167120819.0
2025-06-05,232410759.0
2025-06-06,153986153.0
2025-06-09,185114494.0
2025-06-10,155881897.0
2025-06-11,167694044.0
2025-06-12,162364991.0
2025-06-13,180820565.0
2025-06-16,183133666.0
2025-06-17,139108000.0
2025-06-18,161494121.0
2025-06-20,242956157.0
2025-06-23,154308941.0
2025-06-24,187566121.0
2025-06-25,269146471.0
2025-06-26,198145746.0
2025-06-27,263234539.0
2025-06-30,194580316.0
2025-07-01,213143621.0
2025-07-02,171224111.0
2025-07-03,143716055.0
2025-07-07,140138975.0
2025-07-08,138133025.0
2025-07-09,183656443.0
2025-07-10,167704075.0
2025-07-11,193633263.0
2025-07-14,136975754.0
2025-07-15,230627350.0
2025-07-16,158831509.0
2025-07-17,160841119.0
2025-07-18,146456416.0
2025-07-21,123126136.0
2025-07-22,193114327.0
2025-07-23,154082197.0
2025-07-24,128984628.0
2025-07-25,122316792.0
2025-07-28,140023521.0
2025-07-29,154077512.0
2025-07-30,174312208.0
2025-07-31,221685446.0
2025-08-01,204528985.0
2025-08-04,148174609.0
2025-08-05,156407621.0
2025-08-06,137192265.0
2025-08-07,151878365.0
2025-08-08,123396679.0
2025-08-11,138323191.0
2025-08-12,145729202.0
2025-08-13,179871724.0
2025-08-14,129553959.0
2025-08-15,156602161.0
2025-08-18,132007959.0
2025-08-19,185229219.0
2025-08-20,215142725.0
2025-08-21,140040850.0
2025-08-22,172789427.0
2025-08-25,163012789.0
2025-08-26,168688186.0
2025-08-27,235518949.0
2025-08-28,281787824.0
2025-08-29,243257873.0
2025-09-02,231164853.0
2025-09-03,161466040.0
2025-09-04,141670144.0
2025-09-05,224441435.0
